customer_id,age,monthly_income,credit_score,existing_emi,available_income,max_affordable_emi,employment_type,city_tier,account_age_months
C0001,33,46553.48,751,21404.91,25148.58,7648.11,Business,Tier 3,30
C0002,30,60189.77,662,33121.41,27068.36,11432.88,Salaried,Tier 1,47
C0003,32,75570.74,705,5939.21,69631.53,21795.39,Business,Tier 3,98
C0004,28,28065.1,676,2579.95,25485.15,7820.83,Business,Tier 1,81
C0005,22,40313.1,593,10997.75,29315.35,9313.44,Salaried,Tier 1,43
C0006,22,56437.02,642,7583.79,48853.23,16032.89,Self-Employed,Tier 1,118
C0007,41,25888.11,782,11107.36,14780.75,6985.69,Self-Employed,Tier 1,13
C0008,23,26589.22,604,7003.83,19585.4,6344.08,Self-Employed,Tier 3,69
C0009,50,35670.77,490,20394.39,15276.38,7355.78,Salaried,Tier 2,92
C0010,26,61159.83,659,22496.06,38663.77,18501.07,Salaried,Tier 3,108
C0011,31,25564.85,668,7537.02,18027.83,5840.53,Salaried,Tier 3,42
C0012,53,43163.87,713,13365.16,29798.7,11903.08,Salaried,Tier 1,10
C0013,59,37425.78,684,10377.3,27048.48,11750.59,Self-Employed,Tier 1,89
C0014,49,36181.74,587,6709.79,29471.95,10732.39,Salaried,Tier 1,73
C0015,35,16725.14,615,4638.02,12087.12,4450.64,Salaried,Tier 3,106
C0016,43,33507.73,601,6577.41,26930.32,8580.55,Business,Tier 3,78
C0017,22,19565.53,741,4956.04,14609.5,4855.11,Business,Tier 2,7
C0018,37,66738.37,642,32340.73,34397.64,15218.75,Salaried,Tier 1,91
C0019,39,58787.71,765,41535.41,17252.3,8533.02,Salaried,Tier 3,77
C0020,35,24688.91,816,2263.33,22425.58,7986.97,Salaried,Tier 2,26
C0021,42,32476.39,737,9592.51,22883.88,10760.62,Salaried,Tier 1,69
C0022,36,53558.24,730,7108.49,46449.75,15236.3,Salaried,Tier 3,90
C0023,45,62412.8,589,7445.47,54967.33,22111.62,Salaried,Tier 3,80
C0024,44,41299.42,752,6842.37,34457.05,14322.28,Salaried,Tier 2,67
C0025,22,51181.33,662,14444.05,36737.28,15597.84,Salaried,Tier 1,66
C0026,56,38726.35,750,1332.13,37394.22,14501.26,Salaried,Tier 1,115
C0027,43,46746.45,603,8923.66,37822.8,16340.94,Salaried,Tier 3,90
C0028,56,16218.15,782,1490.16,14727.99,4460.79,Salaried,Tier 1,10
C0029,42,45338.4,625,18114.83,27223.58,10336.82,Self-Employed,Tier 2,11
C0030,49,34456.08,585,15115.34,19340.74,6075.19,Self-Employed,Tier 1,72
C0031,41,38436.34,826,2950.78,35485.56,17467.35,Business,Tier 1,13
C0032,37,37627.34,650,10433.56,27193.78,12587.83,Salaried,Tier 1,85
C0033,38,56942.65,765,17376.75,39565.9,19707.82,Salaried,Tier 1,94
C0034,40,25461.84,683,4023.59,21438.25,6873.63,Business,Tier 2,100
C0035,31,51071.22,725,6599.44,44471.79,15949.46,Salaried,Tier 2,91
C0036,41,61859.04,750,22031.91,39827.13,15465.12,Business,Tier 1,19
C0037,29,44643.58,634,15423.54,29220.04,12893.3,Salaried,Tier 1,118
C0038,22,40211.62,587,7071.36,33140.27,12753.85,Business,Tier 1,62
C0039,32,35980.9,725,4402.63,31578.27,11277.94,Business,Tier 1,115
C0040,37,37965.63,701,13680.8,24284.83,10342.42,Self-Employed,Tier 2,77
C0041,36,56171.25,850,8989.54,47181.71,19662.09,Salaried,Tier 3,118
C0042,38,18443.57,850,8799.92,9643.64,4650.03,Self-Employed,Tier 3,88
C0043,53,18767.53,794,3283.87,15483.66,7648.66,Self-Employed,Tier 3,59
C0044,22,20980.05,652,5449.72,15530.32,7298.16,Salaried,Tier 2,20
C0045,40,38566.83,756,6220.37,32346.46,13069.96,Self-Employed,Tier 2,103
C0046,55,31196.71,840,5034.46,26162.25,11799.89,Self-Employed,Tier 2,30
C0047,22,61649.0,605,36094.23,25554.76,10845.89,Business,Tier 3,22
C0048,42,36049.23,677,1310.34,34738.89,10948.75,Salaried,Tier 1,23
C0049,25,43621.23,658,2466.74,41154.48,13929.06,Salaried,Tier 1,37
C0050,33,30955.93,617,9080.07,21875.87,6734.76,Self-Employed,Tier 2,15
C0051,32,34332.1,749,15208.87,19123.22,8101.57,Salaried,Tier 2,91
C0052,40,19652.76,724,11035.11,8617.65,3503.28,Salaried,Tier 1,49
C0053,24,26283.94,834,13274.96,13008.98,5429.54,Self-Employed,Tier 2,20
C0054,26,36255.71,589,21205.92,15049.79,4975.04,Salaried,Tier 1,27
C0055,26,48121.51,656,15789.51,32332.0,14983.11,Salaried,Tier 1,82
C0056,35,34806.02,760,1709.89,33096.12,12071.34,Salaried,Tier 2,33
C0057,25,41351.39,751,920.17,40431.22,14851.23,Salaried,Tier 1,118
C0058,45,16228.06,653,8645.39,7582.67,2989.96,Salaried,Tier 1,111
C0059,28,43720.52,706,10945.84,32774.69,11154.06,Salaried,Tier 1,98
C0060,37,38440.42,850,16677.6,21762.82,8440.21,Salaried,Tier 2,40
C0061,51,36651.48,726,6201.19,30450.3,9847.0,Business,Tier 2,44
C0062,38,38093.93,666,7082.26,31011.66,10244.24,Salaried,Tier 1,90
C0063,30,37638.51,738,7902.86,29735.65,10284.08,Self-Employed,Tier 2,79
C0064,39,29076.37,850,7490.04,21586.34,8994.56,Salaried,Tier 2,113
C0065,23,41772.12,850,6673.69,35098.42,15494.12,Salaried,Tier 2,75
C0066,50,48783.01,659,6593.96,42189.04,13708.59,Business,Tier 3,65
C0067,50,15580.38,687,2305.44,13274.94,4902.03,Salaried,Tier 2,57
C0068,32,11380.21,579,2847.86,8532.35,4120.86,Salaried,Tier 2,78
C0069,23,31747.07,850,11263.6,20483.46,6985.43,Salaried,Tier 1,59
C0070,27,50875.68,708,6853.02,44022.66,16735.33,Salaried,Tier 1,26
C0071,27,17966.14,611,8415.47,9550.67,2916.96,Salaried,Tier 1,82
C0072,29,24677.98,739,1906.61,22771.36,10120.81,Business,Tier 3,51
C0073,41,21151.55,747,8561.13,12590.42,5835.52,Salaried,Tier 1,49
C0074,22,87758.45,748,4353.88,83404.57,29933.33,Business,Tier 3,21
C0075,46,35638.53,709,5157.27,30481.26,9993.93,Self-Employed,Tier 3,65
C0076,29,50824.24,637,20510.54,30313.69,13043.5,Self-Employed,Tier 1,7
C0077,44,41275.11,833,17993.56,23281.55,9400.71,Salaried,Tier 1,90
C0078,36,54355.26,639,16722.78,37632.48,16701.64,Salaried,Tier 2,60
C0079,36,46474.5,631,14409.98,32064.52,12802.51,Salaried,Tier 1,93
C0080,34,16990.51,841,1549.34,15441.17,7101.13,Self-Employed,Tier 1,73
C0081,32,25246.21,694,6593.2,18653.01,8604.86,Self-Employed,Tier 2,102
C0082,34,38553.53,567,11881.21,26672.31,12885.33,Salaried,Tier 2,39
C0083,41,35604.33,702,15382.98,20221.34,6377.62,Self-Employed,Tier 1,88
C0084,33,46654.13,664,21384.56,25269.56,12058.52,Self-Employed,Tier 1,8
C0085,45,37840.76,658,14315.26,23525.49,10672.45,Salaried,Tier 2,90
C0086,30,42486.05,677,5771.74,36714.31,11323.38,Salaried,Tier 3,54
C0087,25,78845.87,778,8490.38,70355.5,35053.48,Salaried,Tier 3,80
C0088,37,26057.26,850,5524.09,20533.16,9361.42,Salaried,Tier 1,116
C0089,29,73884.04,633,30732.13,43151.91,18062.87,Salaried,Tier 1,106
C0090,28,25544.82,668,7037.36,18507.46,5874.22,Salaried,Tier 1,35
C0091,52,35718.95,658,28930.3,6788.64,3156.29,Salaried,Tier 2,70
C0092,40,23503.12,671,5968.98,17534.13,7744.35,Self-Employed,Tier 2,83
C0093,41,72480.98,686,26005.96,46475.03,21677.2,Salaried,Tier 1,38
C0094,36,46512.56,703,3057.65,43454.91,19814.1,Salaried,Tier 3,67
C0095,37,34625.73,748,9527.41,25098.32,9040.23,Self-Employed,Tier 1,72
C0096,46,44545.04,578,7075.48,37469.56,11406.66,Salaried,Tier 2,93
C0097,53,27512.62,584,583.51,26929.11,8522.42,Self-Employed,Tier 2,37
C0098,41,59495.41,692,39508.07,19987.34,9929.62,Salaried,Tier 3,32
C0099,49,19423.33,693,7834.41,11588.92,5263.51,Self-Employed,Tier 3,77
C0100,36,32369.5,756,4991.76,27377.73,11967.16,Salaried,Tier 1,62
C0101,28,38717.7,767,7343.22,31374.48,11875.2,Salaried,Tier 2,39
C0102,42,35857.41,734,4791.83,31065.57,10205.01,Salaried,Tier 2,86
C0103,35,32516.99,716,1336.9,31180.09,11829.25,Salaried,Tier 2,84
C0104,29,34784.63,745,13096.78,21687.85,6731.78,Salaried,Tier 2,105
C0105,41,56817.33,783,10126.76,46690.57,18230.97,Self-Employed,Tier 2,89
C0106,28,58400.09,661,10839.41,47560.68,16000.53,Self-Employed,Tier 2,62
C0107,39,86143.65,703,28658.96,57484.69,20207.97,Salaried,Tier 3,88
C0108,30,40368.19,825,2905.64,37462.56,16672.77,Salaried,Tier 3,108
C0109,22,61300.86,654,22458.49,38842.37,16558.97,Self-Employed,Tier 1,87
C0110,32,42697.69,567,8402.72,34294.96,14355.53,Salaried,Tier 1,116
C0111,43,8740.55,600,4527.81,4212.74,1646.16,Salaried,Tier 1,25
C0112,37,12738.97,679,3881.8,8857.17,2954.08,Salaried,Tier 2,81
C0113,47,55554.0,692,11813.27,43740.73,14101.31,Salaried,Tier 1,66
C0114,24,34014.49,684,8509.31,25505.19,10281.63,Salaried,Tier 2,21
C0115,25,43184.82,751,16250.74,26934.08,9034.5,Self-Employed,Tier 3,113
C0116,55,35758.96,777,7823.03,27935.93,12062.1,Salaried,Tier 2,18
C0117,45,65743.44,679,13248.01,52495.43,19991.73,Salaried,Tier 2,98
C0118,41,52090.25,803,12450.71,39639.55,14797.14,Salaried,Tier 2,50
C0119,22,36599.49,675,4532.47,32067.02,13905.62,Self-Employed,Tier 2,49
C0120,46,37405.43,663,15725.36,21680.07,8817.73,Self-Employed,Tier 3,98
C0121,32,15951.38,731,3091.86,12859.52,4518.26,Salaried,Tier 1,97
C0122,38,13959.96,821,7013.42,6946.54,3030.25,Salaried,Tier 2,86
C0123,36,32457.39,625,15657.77,16799.62,7167.23,Business,Tier 2,99
C0124,39,31509.02,739,5236.17,26272.85,9325.84,Self-Employed,Tier 2,82
C0125,37,25682.05,637,18606.75,7075.3,3343.5,Salaried,Tier 1,8
C0126,51,66989.57,577,20941.87,46047.7,15070.86,Self-Employed,Tier 2,54
C0127,44,131907.3,788,48388.13,83519.17,26382.36,Salaried,Tier 3,27
C0128,27,20944.06,653,4510.26,16433.8,7069.42,Salaried,Tier 1,43
C0129,41,16681.44,850,2082.87,14598.57,7175.56,Salaried,Tier 2,28
C0130,35,22983.24,826,3419.81,19563.43,6787.11,Salaried,Tier 1,119
C0131,35,49245.29,762,9041.56,40203.73,18134.06,Salaried,Tier 3,95
C0132,26,21262.56,643,9460.35,11802.21,4596.26,Self-Employed,Tier 2,110
C0133,37,46816.72,699,8190.04,38626.68,17903.08,Salaried,Tier 3,104
C0134,40,48253.35,659,9115.35,39138.0,19378.08,Self-Employed,Tier 3,21
C0135,59,23173.53,675,3239.94,19933.59,6563.63,Salaried,Tier 1,8
C0136,35,46811.25,555,11622.5,35188.75,12077.05,Self-Employed,Tier 2,23
C0137,28,33791.22,694,7208.89,26582.32,8511.9,Self-Employed,Tier 1,64
C0138,44,16862.55,739,12568.58,4293.98,1643.85,Self-Employed,Tier 2,93
C0139,34,32455.24,686,6722.34,25732.9,8425.52,Salaried,Tier 1,7
C0140,34,22091.47,543,12489.04,9602.43,3504.26,Self-Employed,Tier 2,48
C0141,26,22773.8,517,6531.19,16242.61,5897.39,Self-Employed,Tier 2,35
C0142,44,34746.31,812,11068.17,23678.14,9558.43,Salaried,Tier 2,64
C0143,32,79281.14,707,27494.03,51787.11,15661.55,Business,Tier 2,46
C0144,22,22237.63,754,7139.09,15098.54,4592.81,Salaried,Tier 3,39
C0145,41,52024.84,804,6425.53,45599.31,20744.35,Self-Employed,Tier 2,10
C0146,52,75192.69,759,29670.36,45522.34,15701.71,Salaried,Tier 2,56
C0147,40,23870.42,711,5223.8,18646.62,8002.42,Salaried,Tier 3,104
C0148,26,55203.48,797,10640.28,44563.2,18226.59,Business,Tier 3,10
C0149,34,65299.32,693,21458.8,43840.52,20523.53,Self-Employed,Tier 2,73
C0150,35,14050.48,844,3440.26,10610.22,4162.51,Salaried,Tier 1,88
C0151,47,50847.73,666,24105.78,26741.95,9028.21,Salaried,Tier 3,69
C0152,23,17589.75,663,1394.23,16195.52,6779.59,Salaried,Tier 2,85
C0153,46,29738.03,654,11379.34,18358.69,5745.73,Salaried,Tier 2,69
C0154,44,82081.23,650,40146.29,41934.94,15383.73,Self-Employed,Tier 2,95
C0155,22,36254.28,764,10160.43,26093.85,8979.48,Salaried,Tier 2,119
C0156,40,39931.63,848,5195.02,34736.6,13087.59,Salaried,Tier 2,27
C0157,22,22477.73,606,3170.72,19307.02,9424.45,Salaried,Tier 2,105
C0158,39,30199.63,684,14371.42,15828.2,7057.82,Self-Employed,Tier 1,75
C0159,38,88091.01,654,26872.97,61218.04,21820.4,Salaried,Tier 1,109
C0160,25,23857.63,675,11929.71,11927.92,3727.84,Business,Tier 1,66
C0161,22,24994.08,617,7305.73,17688.35,5491.38,Salaried,Tier 1,89
C0162,40,20843.56,593,861.19,19982.37,6895.18,Salaried,Tier 3,69
C0163,35,21852.9,734,7219.9,14633.01,5731.17,Salaried,Tier 1,113
C0164,39,89837.02,772,3053.44,86783.58,27115.93,Salaried,Tier 3,58
C0165,27,26291.95,661,6469.07,19822.87,9434.03,Business,Tier 1,57
C0166,43,38081.99,693,3242.06,34839.93,16180.38,Salaried,Tier 3,115
C0167,22,38431.6,773,4182.62,34248.98,16542.87,Salaried,Tier 1,85
C0168,28,47494.62,782,11791.07,35703.56,15383.18,Salaried,Tier 2,76
C0169,49,36757.95,693,8588.83,28169.12,13419.36,Salaried,Tier 1,7
C0170,46,74322.65,850,23709.03,50613.62,17081.21,Business,Tier 3,67
C0171,46,21954.53,805,5565.63,16388.9,6015.41,Salaried,Tier 2,100
C0172,32,11848.72,670,3451.89,8396.83,3612.56,Self-Employed,Tier 1,101
C0173,34,44438.66,627,9547.89,34890.77,11687.58,Business,Tier 1,101
C0174,43,20729.43,592,3152.22,17577.21,5389.84,Salaried,Tier 2,112
C0175,39,43274.34,750,17393.15,25881.19,8338.86,Salaried,Tier 2,104
C0176,22,50271.36,767,9678.5,40592.86,14451.36,Business,Tier 1,109
C0177,41,52543.95,625,18874.39,33669.56,14839.43,Salaried,Tier 1,33
C0178,34,29934.34,675,17880.42,12053.92,5407.85,Salaried,Tier 3,103
C0179,52,58404.83,691,13503.1,44901.73,21154.97,Salaried,Tier 1,100
C0180,25,28751.59,719,10324.42,18427.17,7435.17,Salaried,Tier 1,55
C0181,48,46891.95,689,13671.27,33220.68,11543.74,Salaried,Tier 1,49
C0182,56,87098.13,685,20462.0,66636.13,28441.69,Salaried,Tier 1,47
C0183,34,26745.34,665,4812.3,21933.04,9259.16,Salaried,Tier 1,64
C0184,31,12914.07,639,2645.87,10268.2,4993.95,Salaried,Tier 1,76
C0185,27,30960.67,786,9450.42,21510.25,8267.8,Salaried,Tier 3,87
C0186,22,26200.97,771,4793.54,21407.42,9007.37,Self-Employed,Tier 1,49
C0187,27,12383.15,683,1303.14,11080.01,4827.94,Salaried,Tier 2,7
C0188,42,33384.46,718,12606.98,20777.48,9983.38,Salaried,Tier 2,22
C0189,32,35717.11,689,4466.21,31250.9,13452.21,Self-Employed,Tier 2,55
C0190,23,52382.33,773,26027.26,26355.08,12241.52,Business,Tier 3,55
C0191,22,54000.27,804,5307.11,48693.16,18800.71,Salaried,Tier 3,45
C0192,48,76191.96,811,15051.91,61140.05,26621.86,Self-Employed,Tier 1,30
C0193,37,35839.18,635,11729.92,24109.27,9085.37,Salaried,Tier 1,50
C0194,32,28628.2,827,10917.13,17711.07,6425.46,Business,Tier 2,100
C0195,39,34418.48,574,3608.02,30810.47,13938.05,Self-Employed,Tier 2,40
C0196,27,20127.73,650,5670.69,14457.04,5949.67,Salaried,Tier 2,21
C0197,25,102440.9,497,20396.2,82044.7,34797.79,Salaried,Tier 1,10
C0198,61,56938.81,579,14778.69,42160.12,13749.7,Self-Employed,Tier 1,96
C0199,31,49552.4,730,11752.21,37800.19,13500.59,Salaried,Tier 3,50
C0200,22,61264.04,850,24470.39,36793.65,17127.58,Self-Employed,Tier 2,114
C0201,33,32903.38,684,14844.09,18059.29,7680.95,Business,Tier 1,60
C0202,46,59981.01,775,7939.9,52041.11,23985.1,Salaried,Tier 1,115
C0203,40,58487.16,758,17595.76,40891.4,17653.15,Self-Employed,Tier 3,75
C0204,34,26986.17,629,8410.55,18575.63,6868.6,Salaried,Tier 3,114
C0205,37,14089.61,700,2257.89,11831.71,4502.85,Salaried,Tier 1,38
C0206,43,37845.08,684,17674.35,20170.73,10000.57,Self-Employed,Tier 1,79
C0207,36,8024.41,844,4734.57,3289.85,1528.16,Self-Employed,Tier 2,65
C0208,38,53695.87,659,25598.87,28097.0,11966.83,Salaried,Tier 2,42
C0209,34,36319.26,673,13836.25,22483.01,8364.73,Salaried,Tier 3,41
C0210,37,63754.43,715,26053.57,37700.86,11983.51,Self-Employed,Tier 2,50
C0211,44,73966.98,777,43114.43,30852.55,14080.02,Self-Employed,Tier 1,47
C0212,35,61650.85,748,15203.46,46447.39,17369.59,Salaried,Tier 3,53
C0213,38,42760.6,749,5348.82,37411.78,15770.95,Salaried,Tier 1,80
C0214,26,43589.11,790,2479.94,41109.17,19651.95,Salaried,Tier 1,12
C0215,24,37066.16,759,12704.79,24361.37,7914.37,Salaried,Tier 2,52
C0216,59,20600.94,762,5868.96,14731.99,6415.9,Salaried,Tier 3,94
C0217,35,45217.43,753,11932.61,33284.81,12302.7,Salaried,Tier 1,40
C0218,36,25056.42,704,6693.86,18362.55,6970.44,Salaried,Tier 1,32
C0219,22,34488.2,685,15546.12,18942.08,7067.97,Salaried,Tier 1,22
C0220,47,37265.13,744,3865.9,33399.22,12612.65,Self-Employed,Tier 1,45
C0221,39,32305.41,778,11916.32,20389.09,8276.58,Salaried,Tier 2,83
C0222,33,33593.55,671,4977.17,28616.37,8836.16,Salaried,Tier 2,29
C0223,40,29301.03,572,12184.6,17116.42,8493.78,Salaried,Tier 3,109
C0224,39,39282.22,701,5617.31,33664.91,11764.81,Self-Employed,Tier 2,24
C0225,38,76271.76,674,16288.29,59983.47,25605.31,Salaried,Tier 1,102
C0226,30,32737.0,721,6698.09,26038.91,8428.81,Salaried,Tier 1,110
C0227,48,26247.17,813,4478.62,21768.55,9959.33,Salaried,Tier 2,46
C0228,22,48721.02,758,17928.19,30792.82,9459.67,Salaried,Tier 3,38
C0229,40,38290.12,850,3876.12,34414.0,16478.07,Business,Tier 3,53
C0230,33,58626.44,820,4732.56,53893.88,19742.03,Business,Tier 1,14
C0231,36,9876.3,734,2326.68,7549.62,2493.78,Business,Tier 2,38
C0232,29,52590.75,693,19396.93,33193.81,13426.96,Salaried,Tier 3,31
C0233,24,21086.26,754,2589.05,18497.21,6752.58,Self-Employed,Tier 3,26
C0234,42,64011.1,679,6813.7,57197.39,18056.71,Salaried,Tier 2,25
C0235,49,44765.77,752,2287.05,42478.73,17109.19,Salaried,Tier 1,112
C0236,40,54267.59,771,6342.01,47925.58,21365.04,Business,Tier 1,98
C0237,23,27469.98,735,8755.04,18714.94,7038.76,Salaried,Tier 3,89
C0238,32,37948.47,694,3298.18,34650.28,14181.88,Business,Tier 1,63
C0239,39,51503.97,739,14190.95,37313.03,12367.58,Salaried,Tier 1,105
C0240,45,31573.18,749,17110.36,14462.82,6959.76,Salaried,Tier 2,11
C0241,39,14941.27,617,828.58,14112.69,4426.74,Self-Employed,Tier 1,55
C0242,23,23524.07,798,6859.33,16664.74,7237.43,Self-Employed,Tier 1,53
C0243,37,29533.11,622,6872.36,22660.75,7311.74,Salaried,Tier 2,86
C0244,22,37749.85,625,3841.56,33908.29,11993.59,Salaried,Tier 2,116
C0245,36,25314.46,656,3375.14,21939.32,6648.1,Business,Tier 1,83
C0246,43,67770.24,823,11398.84,56371.4,27585.16,Salaried,Tier 1,113
C0247,38,47845.78,731,6456.3,41389.48,17242.24,Salaried,Tier 2,115
C0248,46,84769.77,673,40102.67,44667.1,13474.45,Salaried,Tier 1,91
C0249,43,34005.03,665,2255.69,31749.34,13574.04,Salaried,Tier 2,16
C0250,37,34773.89,681,7046.23,27727.66,8665.04,Salaried,Tier 2,75
C0251,37,27172.84,739,13897.18,13275.66,5955.15,Self-Employed,Tier 2,13
C0252,41,40271.02,683,9116.3,31154.72,14925.27,Self-Employed,Tier 3,57
C0253,41,18595.91,651,8523.95,10071.96,4682.94,Salaried,Tier 2,8
C0254,35,39819.98,546,13188.27,26631.7,12061.18,Salaried,Tier 2,35
C0255,32,31587.56,763,12395.5,19192.05,6946.78,Salaried,Tier 2,67
C0256,22,42829.81,594,12195.72,30634.1,15027.96,Salaried,Tier 1,63
C0257,26,32373.65,714,20130.65,12243.01,5775.67,Self-Employed,Tier 2,75
C0258,39,55464.5,625,25395.64,30068.86,10014.64,Salaried,Tier 2,89
C0259,35,19479.96,643,1845.58,17634.38,6155.64,Salaried,Tier 1,32
C0260,45,16922.34,850,2885.07,14037.28,6182.43,Salaried,Tier 2,52
C0261,44,42783.62,618,13223.9,29559.72,12959.42,Salaried,Tier 1,108
C0262,35,24471.81,584,5458.82,19012.99,7507.3,Salaried,Tier 2,84
C0263,52,41786.07,729,25244.92,16541.14,6455.33,Salaried,Tier 3,106
C0264,26,33076.07,694,16717.3,16358.77,5126.75,Business,Tier 1,67
C0265,37,26813.21,796,7797.88,19015.33,7121.37,Salaried,Tier 1,58
C0266,43,25735.87,801,12970.5,12765.37,5883.55,Self-Employed,Tier 2,13
C0267,49,45644.58,756,24070.23,21574.35,9149.57,Self-Employed,Tier 1,28
C0268,37,37370.81,737,9894.71,27476.1,13128.78,Salaried,Tier 2,23
C0269,32,89738.32,632,20620.74,69117.58,33284.79,Salaried,Tier 1,14
C0270,25,25753.04,821,6428.22,19324.82,8473.39,Salaried,Tier 3,78
C0271,26,20175.06,747,5165.22,15009.84,6949.38,Self-Employed,Tier 3,27
C0272,37,49460.88,656,14785.65,34675.23,10636.12,Business,Tier 1,69
C0273,32,38088.67,754,6566.75,31521.92,14660.31,Self-Employed,Tier 1,71
C0274,42,31378.25,748,4345.37,27032.88,12347.2,Salaried,Tier 1,80
C0275,48,49564.74,730,16421.89,33142.86,13793.73,Business,Tier 3,56
C0276,26,42842.53,822,22109.43,20733.11,7637.68,Salaried,Tier 1,119
C0277,43,49650.02,652,9502.85,40147.17,19605.4,Salaried,Tier 2,84
C0278,45,65222.53,807,12547.62,52674.91,17691.99,Self-Employed,Tier 2,82
C0279,38,30712.69,824,15818.05,14894.64,4926.23,Salaried,Tier 1,111
C0280,52,167874.76,825,34742.15,133132.61,42191.46,Self-Employed,Tier 3,106
C0281,41,20633.94,750,2782.59,17851.34,8380.8,Salaried,Tier 1,13
C0282,32,37698.97,640,15578.83,22120.14,7377.03,Salaried,Tier 3,92
C0283,39,35211.14,769,8995.82,26215.32,9209.25,Salaried,Tier 2,13
C0284,40,24820.04,655,7148.9,17671.15,5593.75,Salaried,Tier 1,70
C0285,38,30338.87,714,23840.21,6498.66,2056.53,Salaried,Tier 1,99
C0286,33,53673.85,649,29981.88,23691.97,10789.56,Business,Tier 1,67
C0287,43,31588.81,696,5259.65,26329.16,12426.28,Salaried,Tier 1,57
C0288,38,28402.13,720,1238.59,27163.54,11151.52,Salaried,Tier 2,22
C0289,22,33539.44,723,6214.02,27325.42,9759.04,Business,Tier 3,71
C0290,25,30485.02,657,9950.41,20534.61,6879.6,Self-Employed,Tier 1,30
C0291,31,40016.77,743,10940.95,29075.82,9606.93,Salaried,Tier 1,16
C0292,34,54971.21,647,22220.62,32750.59,10837.12,Salaried,Tier 2,74
C0293,46,12577.31,670,3456.26,9121.06,4397.45,Salaried,Tier 2,11
C0294,29,37352.99,795,8761.01,28591.98,8861.31,Self-Employed,Tier 1,75
C0295,26,29374.49,656,14885.96,14488.53,4710.18,Self-Employed,Tier 1,83
C0296,36,52650.43,648,12128.6,40521.84,14056.42,Salaried,Tier 1,115
C0297,40,69420.39,715,38729.5,30690.88,14413.11,Business,Tier 3,90
C0298,25,22441.26,779,11088.49,11352.77,3998.56,Salaried,Tier 3,112
C0299,30,32377.72,607,3341.89,29035.83,11623.15,Salaried,Tier 2,81
C0300,43,54850.93,769,21640.83,33210.11,15838.48,Business,Tier 3,41
C0301,23,87001.58,773,19998.42,67003.17,31236.2,Salaried,Tier 2,66
C0302,22,35195.3,762,1582.26,33613.03,15011.58,Self-Employed,Tier 3,99
C0303,54,38287.43,764,6561.49,31725.94,14762.41,Self-Employed,Tier 1,71
C0304,34,21719.2,711,3524.28,18194.91,5834.25,Salaried,Tier 2,39
C0305,34,32659.65,736,6912.91,25746.73,10082.05,Salaried,Tier 2,34
C0306,45,14288.75,734,6975.9,7312.85,2673.84,Salaried,Tier 1,59
C0307,47,18059.75,694,5515.5,12544.25,4728.21,Salaried,Tier 1,112
C0308,54,42960.47,697,6866.05,36094.42,14886.7,Self-Employed,Tier 1,53
C0309,37,22222.33,627,5504.1,16718.23,6856.69,Salaried,Tier 3,98
C0310,48,16635.99,662,2029.41,14606.58,4586.78,Salaried,Tier 1,23
C0311,23,23661.72,676,4867.09,18794.63,8387.99,Business,Tier 1,107
C0312,49,72056.43,817,17467.56,54588.87,25378.06,Salaried,Tier 3,67
C0313,32,90132.04,793,35961.67,54170.37,21495.03,Salaried,Tier 1,71
C0314,34,32440.78,820,3643.15,28797.63,10944.32,Self-Employed,Tier 1,118
C0315,35,48619.12,673,16817.86,31801.26,10692.75,Self-Employed,Tier 1,41
C0316,47,11800.87,673,2190.25,9610.62,3638.78,Salaried,Tier 1,81
C0317,23,41181.19,727,10366.07,30815.11,11830.71,Salaried,Tier 1,71
C0318,34,30351.98,685,8379.21,21972.77,8339.48,Business,Tier 2,37
C0319,24,35639.67,774,6168.55,29471.12,11352.99,Self-Employed,Tier 3,31
C0320,29,49902.72,541,27954.18,21948.54,8316.62,Salaried,Tier 1,71
C0321,41,30109.29,757,7597.22,22512.07,8592.66,Self-Employed,Tier 1,9
C0322,26,79530.67,742,13706.58,65824.09,22913.78,Self-Employed,Tier 3,82
C0323,31,24928.88,794,10383.11,14545.77,5151.08,Salaried,Tier 3,23
C0324,46,49149.0,784,7177.57,41971.44,16179.87,Salaried,Tier 2,102
C0325,44,26666.92,743,12015.71,14651.21,4512.98,Business,Tier 3,39
C0326,27,50600.86,746,7532.33,43068.53,18747.59,Salaried,Tier 2,83
C0327,22,45506.6,846,22591.48,22915.12,7943.9,Self-Employed,Tier 2,30
C0328,38,62096.4,677,27222.5,34873.9,12265.79,Salaried,Tier 2,54
C0329,36,19144.53,780,1022.8,18121.73,5688.03,Salaried,Tier 2,44
C0330,33,96333.46,761,39922.33,56411.13,24796.45,Business,Tier 3,83
C0331,36,43643.51,629,4537.83,39105.68,17431.58,Salaried,Tier 2,69
C0332,26,86458.17,669,20938.54,65519.63,29207.85,Self-Employed,Tier 1,6
C0333,48,22968.13,793,5330.67,17637.46,7227.38,Salaried,Tier 2,50
C0334,31,144782.78,683,28099.12,116683.65,45369.02,Salaried,Tier 3,119
C0335,38,68767.24,603,5133.76,63633.48,20785.37,Self-Employed,Tier 1,71
C0336,46,64275.04,784,19839.11,44435.93,18833.48,Salaried,Tier 1,38
C0337,24,103055.56,671,15648.66,87406.9,27726.03,Salaried,Tier 1,72
C0338,22,26341.55,720,10009.67,16331.87,7151.11,Salaried,Tier 1,75
C0339,40,80412.06,811,5710.9,74701.16,27768.24,Business,Tier 1,41
C0340,24,22922.65,798,1642.57,21280.08,8138.69,Business,Tier 1,19
C0341,35,44988.33,652,16800.35,28187.98,14081.3,Salaried,Tier 1,51
C0342,22,36716.15,591,2980.32,33735.82,15611.07,Business,Tier 2,114
C0343,23,34936.18,816,22009.58,12926.6,4298.51,Self-Employed,Tier 1,12
C0344,56,30309.17,795,6437.19,23871.99,9741.1,Salaried,Tier 2,109
C0345,26,16506.37,694,5416.7,11089.67,5001.74,Salaried,Tier 3,15
C0346,57,39587.75,667,11248.32,28339.43,9206.61,Business,Tier 3,26
C0347,22,45160.93,754,8156.25,37004.68,11264.71,Business,Tier 1,98
C0348,28,34832.63,667,22706.71,12125.92,5091.58,Business,Tier 1,30
C0349,34,26804.44,734,6163.2,20641.24,9602.03,Self-Employed,Tier 3,74
C0350,40,27455.86,692,13520.43,13935.43,5773.75,Salaried,Tier 1,74
C0351,50,38967.82,755,7385.81,31582.0,10752.37,Salaried,Tier 1,51
C0352,22,32693.01,850,15473.11,17219.9,5379.64,Salaried,Tier 2,70
C0353,45,39275.13,714,4421.14,34854.0,11640.45,Salaried,Tier 1,65
C0354,27,54747.31,597,38059.31,16688.0,7244.04,Self-Employed,Tier 2,61
C0355,34,30313.39,619,5491.44,24821.95,9012.17,Salaried,Tier 1,17
C0356,39,46803.37,657,8955.25,37848.12,11905.01,Salaried,Tier 1,95
C0357,35,37146.0,659,4228.87,32917.13,12640.25,Salaried,Tier 3,97
C0358,27,62252.31,733,46502.63,15749.68,7863.9,Salaried,Tier 2,51
C0359,23,27149.37,684,11998.36,15151.01,5034.55,Salaried,Tier 2,71
C0360,41,15271.26,635,4129.11,11142.15,3924.63,Self-Employed,Tier 2,96
C0361,49,51201.95,611,7286.54,43915.41,15705.77,Salaried,Tier 2,38
C0362,41,17376.63,709,6776.74,10599.89,4347.08,Salaried,Tier 2,108
C0363,45,40722.55,717,10580.83,30141.72,12491.47,Salaried,Tier 1,28
C0364,26,29162.15,614,12566.91,16595.24,5249.32,Salaried,Tier 1,65
C0365,25,25646.25,799,3290.48,22355.76,10877.21,Salaried,Tier 1,107
C0366,58,65596.84,581,22149.53,43447.31,19291.97,Salaried,Tier 3,11
C0367,32,42962.05,634,6945.49,36016.56,12527.04,Self-Employed,Tier 3,41
C0368,22,64557.0,666,16679.14,47877.86,21850.41,Self-Employed,Tier 2,116
C0369,32,22183.37,795,8815.16,13368.21,5153.36,Self-Employed,Tier 2,32
C0370,22,17492.68,649,7483.0,10009.67,4506.91,Business,Tier 3,26
C0371,39,34136.88,660,8940.13,25196.75,11634.98,Business,Tier 1,103
C0372,39,28940.09,744,12353.55,16586.54,6076.04,Salaried,Tier 2,64
C0373,27,30332.66,729,9819.84,20512.82,9238.26,Self-Employed,Tier 3,41
C0374,45,43059.02,769,3463.88,39595.14,12303.28,Self-Employed,Tier 2,102
C0375,31,20748.45,714,9111.96,11636.49,4563.6,Self-Employed,Tier 3,86
C0376,47,89614.04,784,38777.3,50836.75,19397.05,Business,Tier 1,115
C0377,49,61857.34,626,6231.07,55626.26,18237.12,Salaried,Tier 2,117
C0378,22,25214.33,594,14960.56,10253.77,4112.83,Salaried,Tier 1,118
C0379,33,33165.83,779,12345.14,20820.69,9661.85,Self-Employed,Tier 2,58
C0380,43,30002.44,633,1061.81,28940.62,11201.54,Business,Tier 1,12
C0381,22,30173.18,642,9883.95,20289.22,7833.82,Salaried,Tier 2,45
C0382,49,31438.98,582,4979.34,26459.64,9169.47,Salaried,Tier 1,10
C0383,30,67942.79,644,1729.21,66213.58,19995.32,Self-Employed,Tier 2,118
C0384,38,36827.73,699,4034.82,32792.91,15462.06,Salaried,Tier 2,45
C0385,29,50632.62,780,14591.34,36041.29,11303.89,Salaried,Tier 2,39
C0386,22,24466.9,601,876.57,23590.32,7361.25,Salaried,Tier 1,42
C0387,29,45806.67,725,5342.82,40463.85,12769.23,Business,Tier 1,103
C0388,37,28741.26,680,8492.71,20248.55,9756.57,Self-Employed,Tier 3,28
C0389,24,22099.73,588,1212.31,20887.42,7562.53,Salaried,Tier 3,90
C0390,25,23528.51,733,3268.57,20259.94,6239.3,Salaried,Tier 3,114
C0391,33,29989.16,668,2719.26,27269.91,13532.73,Salaried,Tier 3,45
C0392,23,27593.07,739,10773.98,16819.09,6100.97,Self-Employed,Tier 1,22
C0393,38,67428.76,622,19563.0,47865.76,20112.67,Self-Employed,Tier 1,99
C0394,33,21752.93,585,3398.46,18354.47,6765.2,Self-Employed,Tier 1,84
C0395,33,30249.87,588,12546.85,17703.01,5332.31,Salaried,Tier 1,41
C0396,38,31824.16,832,6540.69,25283.47,8425.61,Business,Tier 1,48
C0397,46,25092.25,776,8139.55,16952.7,7608.05,Business,Tier 2,45
C0398,34,15757.41,742,2963.44,12793.97,4947.93,Self-Employed,Tier 1,96
C0399,36,48595.47,745,15581.75,33013.73,10242.6,Salaried,Tier 2,57
C0400,47,25059.5,609,12939.92,12119.58,5450.44,Salaried,Tier 1,116
C0401,26,40508.5,492,8052.8,32455.7,12636.47,Salaried,Tier 1,6
C0402,23,52909.66,714,19890.43,33019.23,14989.06,Business,Tier 2,44
C0403,29,77965.03,715,37622.67,40342.36,15922.61,Business,Tier 1,105
C0404,33,38119.65,673,10304.54,27815.1,11878.85,Salaried,Tier 1,10
C0405,41,23929.3,549,5933.76,17995.54,7987.3,Business,Tier 2,35
C0406,27,30226.21,850,15119.07,15107.14,7462.38,Self-Employed,Tier 3,92
C0407,22,20928.46,730,6060.3,14868.16,6032.48,Salaried,Tier 2,28
C0408,40,27974.44,689,8415.92,19558.52,7224.93,Business,Tier 3,63
C0409,46,28691.84,631,8964.98,19726.86,5965.42,Salaried,Tier 2,61
C0410,38,120016.33,692,10095.53,109920.79,44076.29,Self-Employed,Tier 1,71
C0411,46,49844.5,682,17388.11,32456.39,13486.37,Salaried,Tier 1,41
C0412,26,31629.33,717,3921.18,27708.15,11807.94,Salaried,Tier 2,92
C0413,25,54234.05,607,21695.84,32538.21,11386.71,Salaried,Tier 3,69
C0414,35,22692.05,809,1208.44,21483.61,6986.97,Salaried,Tier 3,52
C0415,38,40031.47,767,9304.12,30727.35,10458.33,Business,Tier 3,83
C0416,29,22991.03,686,12825.89,10165.14,4002.13,Salaried,Tier 3,29
C0417,32,38429.1,671,4675.08,33754.01,10358.64,Salaried,Tier 3,106
C0418,26,37792.97,683,19513.93,18279.03,6491.13,Salaried,Tier 2,93
C0419,41,73884.04,764,22072.64,51811.4,25728.99,Self-Employed,Tier 2,117
C0420,30,66574.66,784,10578.33,55996.34,23610.42,Salaried,Tier 2,32
C0421,33,24620.0,674,2506.14,22113.86,6887.99,Salaried,Tier 3,23
C0422,45,84303.13,835,15442.29,68860.84,29766.37,Salaried,Tier 1,117
C0423,35,36357.07,482,9401.82,26955.25,12746.42,Salaried,Tier 2,50
C0424,34,24762.73,524,10031.0,14731.73,4580.42,Business,Tier 2,39
C0425,46,28603.79,692,4878.35,23725.45,10819.03,Salaried,Tier 1,24
C0426,33,45701.68,593,13076.02,32625.66,10418.64,Self-Employed,Tier 1,27
C0427,38,28584.52,850,4931.17,23653.36,9352.46,Salaried,Tier 3,107
C0428,45,58003.12,574,18892.32,39110.8,13915.69,Salaried,Tier 3,12
C0429,27,21055.05,711,7490.32,13564.73,4927.95,Salaried,Tier 1,116
C0430,39,33528.71,767,9423.56,24105.15,8473.6,Salaried,Tier 2,89
C0431,54,48010.17,850,5949.04,42061.13,16810.43,Self-Employed,Tier 1,67
C0432,54,39149.55,802,12853.72,26295.83,12000.26,Salaried,Tier 3,71
C0433,45,20136.11,656,4209.82,15926.29,4806.83,Self-Employed,Tier 2,56
C0434,39,37644.44,784,14522.43,23122.01,9054.12,Salaried,Tier 3,33
C0435,27,74031.64,600,4471.25,69560.39,24672.72,Self-Employed,Tier 1,11
C0436,22,16535.67,692,855.03,15680.64,5993.5,Salaried,Tier 2,118
C0437,42,22397.53,611,5478.01,16919.52,5292.75,Salaried,Tier 2,30
C0438,47,33876.43,664,4729.67,29146.76,9476.45,Salaried,Tier 1,30
C0439,51,16922.78,642,4948.08,11974.7,5878.78,Self-Employed,Tier 1,13
C0440,26,20566.33,822,6338.01,14228.32,5158.72,Salaried,Tier 2,7
C0441,22,60051.77,626,20668.47,39383.29,14130.07,Salaried,Tier 2,84
C0442,51,62439.94,733,47239.91,15200.04,7262.58,Salaried,Tier 2,65
C0443,22,30987.05,693,13044.41,17942.64,7047.82,Salaried,Tier 3,104
C0444,38,26863.33,751,8625.34,18237.99,7577.35,Self-Employed,Tier 2,66
C0445,35,24045.28,674,7818.63,16226.64,5300.97,Self-Employed,Tier 3,24
C0446,45,37774.47,622,8983.57,28790.91,9070.74,Salaried,Tier 1,35
C0447,30,39659.86,650,14567.7,25092.16,11092.5,Salaried,Tier 2,37
C0448,47,18059.44,725,2977.78,15081.66,7463.73,Business,Tier 1,99
C0449,48,58185.66,805,24264.29,33921.37,13155.59,Salaried,Tier 1,100
C0450,53,30137.63,691,4823.01,25314.61,10254.03,Salaried,Tier 3,47
C0451,22,49239.56,673,15267.77,33971.79,12336.3,Salaried,Tier 2,10
C0452,37,59915.06,689,23130.75,36784.32,12835.19,Salaried,Tier 3,105
C0453,38,27425.3,573,4235.11,23190.19,7380.76,Self-Employed,Tier 2,27
C0454,30,28399.62,709,3113.91,25285.71,9353.76,Salaried,Tier 1,9
C0455,42,41955.47,811,18396.1,23559.36,8728.65,Salaried,Tier 1,83
C0456,39,20471.72,849,7430.82,13040.91,5861.94,Business,Tier 1,79
C0457,36,46959.05,693,15090.46,31868.59,10681.65,Salaried,Tier 2,110
C0458,31,28841.88,700,13285.7,15556.18,5154.57,Self-Employed,Tier 2,92
C0459,29,22498.76,551,6801.27,15697.49,5822.35,Salaried,Tier 1,110
C0460,32,46563.74,723,5757.15,40806.59,14703.32,Salaried,Tier 1,16
C0461,48,35074.65,671,3137.83,31936.82,15481.25,Self-Employed,Tier 1,80
C0462,39,97382.85,782,47686.04,49696.81,20569.48,Self-Employed,Tier 3,24
C0463,45,27570.71,795,2359.29,25211.41,11499.93,Business,Tier 1,77
C0464,22,15349.35,785,2059.41,13289.94,4165.82,Salaried,Tier 3,78
C0465,25,48637.84,769,32173.23,16464.61,5713.32,Self-Employed,Tier 2,73
C0466,39,32140.09,645,2740.21,29399.88,14567.28,Business,Tier 1,40
C0467,32,36573.33,660,4778.49,31794.84,15779.04,Self-Employed,Tier 2,24
C0468,33,30658.27,758,9263.01,21395.26,9550.3,Salaried,Tier 1,78
C0469,33,65943.69,651,18716.11,47227.58,18249.37,Self-Employed,Tier 2,107
C0470,22,86244.6,606,49464.94,36779.65,16448.12,Salaried,Tier 2,24
C0471,32,46380.17,782,7238.28,39141.89,16334.71,Salaried,Tier 2,6
C0472,29,83064.87,833,14820.08,68244.79,23704.42,Self-Employed,Tier 3,53
C0473,41,68238.19,668,6101.25,62136.94,26430.6,Salaried,Tier 3,60
C0474,29,144993.78,839,50623.49,94370.3,32950.68,Business,Tier 1,114
C0475,57,35693.53,744,4027.61,31665.92,13445.06,Salaried,Tier 3,31
C0476,23,30892.24,715,13076.98,17815.26,7719.02,Salaried,Tier 2,18
C0477,22,36967.08,758,12231.77,24735.31,11835.69,Salaried,Tier 1,34
C0478,46,56884.14,646,16285.38,40598.76,19320.08,Business,Tier 1,44
C0479,32,28525.25,721,10997.08,17528.17,7440.87,Salaried,Tier 1,93
C0480,47,29755.88,690,7898.18,21857.7,6939.46,Business,Tier 3,96
C0481,40,35618.79,655,5281.01,30337.78,10010.92,Salaried,Tier 2,79
C0482,32,37005.18,715,12563.71,24441.47,9771.54,Salaried,Tier 2,63
C0483,34,31201.39,827,13675.71,17525.68,7406.76,Salaried,Tier 3,65
C0484,28,40001.67,761,6958.88,33042.79,14892.22,Salaried,Tier 2,68
C0485,33,44684.7,633,17597.04,27087.66,8674.36,Self-Employed,Tier 1,95
C0486,22,50541.56,762,10070.25,40471.31,13443.44,Self-Employed,Tier 3,18
C0487,48,41141.56,702,8569.12,32572.44,12339.68,Self-Employed,Tier 2,59
C0488,34,66459.03,672,14206.12,52252.92,23973.17,Salaried,Tier 1,18
C0489,26,31169.48,658,1693.63,29475.85,12050.37,Salaried,Tier 1,56
C0490,38,34558.19,631,6995.2,27562.99,8385.49,Salaried,Tier 3,44
C0491,22,50320.37,724,9147.75,41172.62,18302.74,Salaried,Tier 3,20
C0492,22,35796.26,754,6076.41,29719.85,14795.28,Salaried,Tier 2,11
C0493,35,21475.94,819,3883.26,17592.68,7938.91,Salaried,Tier 1,8
C0494,26,32884.54,714,21412.48,11472.05,5451.37,Self-Employed,Tier 1,64
C0495,58,27868.9,681,6361.54,21507.35,6722.8,Salaried,Tier 1,90
C0496,39,25884.64,677,9820.01,16064.62,6390.35,Salaried,Tier 3,12
C0497,29,18485.13,712,3298.03,15187.1,5074.96,Salaried,Tier 1,73
C0498,32,31020.34,746,8243.99,22776.36,11103.39,Self-Employed,Tier 1,33
C0499,30,72182.81,739,24345.36,47837.45,20572.54,Salaried,Tier 3,35
C0500,22,21883.44,699,7347.97,14535.47,6695.53,Salaried,Tier 1,48
